variant	gene_name	transcript_id	clinvar_transcript_id	clinvar_name_tsv	proposed_mechanism	class	gnomad_af
chr1:25816825:T:C	SELENON	NM_020451.2	NM_020451.3	NM_020451.3(SELENON):c.*1107T>C	Impact on secondary structure	1	
chr1:156058394:C:A	LAMTOR2	NM_014017.3	NM_014017.4	NM_014017.4(LAMTOR2):c.*23C>A	Impact on polyadenylation signal	1	7.07E-06
chr2:172504157:AAAG:A	ITGA6	NM_000210.3	NM_000210.4	NM_000210.4(ITGA6):c.*91AGA[1]		1	
chr11:2159793:T:C	INS	NM_000207.2	NM_000207.3	NM_000207.3(INS):c.*59A>G	mRNA stability	1	3.96E-06
chr11:5225483:TTTTTA:T	HBB	NM_000518.4	NM_000518.5	NM_000518.5(HBB):c.*110_*114del	Impact on polyadenylation signal	1	
chr11:5225485:T:C	HBB	NM_000518.4	NM_000518.5	NM_000518.5(HBB):c.*113A>G	Impact on polyadenylation signal	1	
chr11:5225488:A:G	HBB	NM_000518.4	NM_000518.5	NM_000518.5(HBB):c.*110T>C	Impact on polyadenylation signal	1	6.37E-05
chr11:5225488:A:T	HBB	NM_000518.4	NM_000518.5	NM_000518.5(HBB):c.*110T>A	Impact on polyadenylation signal	1	
chr11:5225492:GGCAGAATCCAGAT:G	HBB	NM_000518.4	NM_000518.5	NM_000518.5(HBB):c.*93_*105del	Impact on polyadenylation signal	1	
chr11:5225566:T:G	HBB	NM_000518.4	NM_000518.5	NM_000518.5(HBB):c.*32A>C	Altered miRNA binding	1	
chr11:5225592:G:C	HBB	NM_000518.4	NM_000518.5	NM_000518.5(HBB):c.*6C>G		1	3.54E-06
chr13:83878728:C:T	SLITRK1	NM_001281503.1	NM_001281503.2	NM_001281503.2(SLITRK1):c.*689G>A	Altered miRNA binding	1	3.19E-05
chr13:110150328:G:T	COL4A1	NM_001845.5	NM_001845.6	NM_001845.6(COL4A1):c.*35C>A	Altered miRNA binding	1	
chr13:110150331:C:A	COL4A1	NM_001845.5	NM_001845.6	NM_001845.6(COL4A1):c.*32G>T	Altered miRNA binding	1	
chr13:110150331:C:T	COL4A1	NM_001845.5	NM_001845.6	NM_001845.6(COL4A1):c.*32G>A	Altered miRNA binding	1	
chr13:110150332:C:A	COL4A1	NM_001845.5	NM_001845.6	NM_001845.6(COL4A1):c.*31G>T	Altered miRNA binding	1	
chr16:173692:A:G	HBA2	NM_000517.4	NM_000517.6	NM_000517.6(HBA2):c.*92A>G	Impact on polyadenylation signal	1	3.25E-05
chr16:173694:A:G	HBA2	NM_000517.4	NM_000517.6	NM_000517.6(HBA2):c.*94A>G	Impact on polyadenylation signal	1	
chr22:23834262:C:T	SMARCB1	NM_003073.4	NM_003073.5	NM_003073.5(SMARCB1):c.*82C>T	mRNA stability	1	
chrX:22248184:A:G	PHEX	NM_000444.5	NM_000444.6	NM_000444.6(PHEX):c.*231A>G		1	
chrX:48824894:A:T	HDAC6	NM_006044.3	NM_006044.4	NM_006044.4(HDAC6):c.*282A>T	Altered miRNA binding	1	
chrX:151405064:A:G	VMA21	NM_001017980.3	NM_001017980.4	NM_001017980.4(VMA21):c.*6A>G		1	
chrX:151405070:CCTTTTTATAGCATTAAATTCATTTTTTAAAATGATAAATGCTGGAGGGGGCCATCTGATTTGAATAAAGTTGAAAGAACATGTTAAAGTCAG:C	VMA21	NM_001017980.3	NM_001017980.4	NM_001017980.4(VMA21):c.*13_*104del	mRNA stability	1	
chrX:153929944:T:C	NAA10	NM_003491.3	NM_003491.4	NM_003491.4(NAA10):c.*43A>G	Impact on polyadenylation signal	1	
chrX:153929948:T:C	NAA10	NM_003491.3	NM_003491.4	NM_003491.4(NAA10):c.*39A>G	Impact on polyadenylation signal	1	
chrX:154837541:C:A	F8	NM_000132.3	NM_000132.4	NM_000132.4(F8):c.*56G>T	Altered splicing	1	
chrX:154837568:G:A	F8	NM_000132.3	NM_000132.4			0	0.0130394
chrX:154836305:T:C	F8	NM_000132.3	NM_000132.4			0	0.993782
chrX:154835925:C:T	F8	NM_000132.3	NM_000132.4			0	0.556955
chr11:2159843:G:A	INS	NM_000207.2	NM_000207.3			0	0.165766
chr11:2159830:T:G	INS	NM_000207.2	NM_000207.3			0	0.59821
chr2:172505262:A:G	ITGA6	NM_000210.3	NM_000210.4			0	0.0247937
chr2:172505877:T:C	ITGA6	NM_000210.3	NM_000210.4			0	0.0160689
chr2:172504503:A:G	ITGA6	NM_000210.3	NM_000210.4			0	0.507444
chr2:172504663:C:T	ITGA6	NM_000210.3	NM_000210.4			0	0.04328
chr2:172506442:T:C	ITGA6	NM_000210.3	NM_000210.4			0	0.0373759
chrX:22250255:C:A	PHEX	NM_000444.5	NM_000444.6			0	0.0747143
chrX:22249488:G:A	PHEX	NM_000444.5	NM_000444.6			0	0.0162607
chrX:22249497:C:T	PHEX	NM_000444.5	NM_000444.6			0	0.0459787
chrX:22250266:A:G	PHEX	NM_000444.5	NM_000444.6			0	0.0201933
chrX:22249283:T:C	PHEX	NM_000444.5	NM_000444.6			0	0.074656
chrX:22248773:A:G	PHEX	NM_000444.5	NM_000444.6			0	0.42684
chrX:22250103:C:A	PHEX	NM_000444.5	NM_000444.6			0	0.075436
chrX:22248826:G:A	PHEX	NM_000444.5	NM_000444.6			0	0.0136289
chrX:22249614:T:C	PHEX	NM_000444.5	NM_000444.6			0	0.482815
chrX:22249635:T:A	PHEX	NM_000444.5	NM_000444.6			0	0.0479722
chrX:22250980:G:T	PHEX	NM_000444.5	NM_000444.6			0	0.0135035
chrX:22249453:A:T	PHEX	NM_000444.5	NM_000444.6			0	0.0129447
chrX:22249455:A:T	PHEX	NM_000444.5	NM_000444.6			0	0.028477
chrX:22249457:T:A	PHEX	NM_000444.5	NM_000444.6			0	0.0765915
chrX:22249459:T:A	PHEX	NM_000444.5	NM_000444.6			0	0.0170737
chrX:22249461:T:A	PHEX	NM_000444.5	NM_000444.6			0	0.0148147
chr16:173707:A:G	HBA2	NM_000517.4	NM_000517.6			0	0.99445
chrX:151406913:A:G	VMA21	NM_001017980.3	NM_001017980.4			0	0.470951
chrX:151408567:C:A	VMA21	NM_001017980.3	NM_001017980.4			0	0.0155083
chrX:151407126:C:A	VMA21	NM_001017980.3	NM_001017980.4			0	0.143973
chrX:151405927:G:A	VMA21	NM_001017980.3	NM_001017980.4			0	0.143489
chrX:151406920:T:A	VMA21	NM_001017980.3	NM_001017980.4			0	0.0158031
chrX:151405199:C:T	VMA21	NM_001017980.3	NM_001017980.4			0	0.0138067
chr13:83877686:C:G	SLITRK1	NM_001281503.1	NM_001281503.2			0	0.0327869
chr13:83877691:A:G	SLITRK1	NM_001281503.1	NM_001281503.2			0	0.0246032
chr13:83877695:T:G	SLITRK1	NM_001281503.1	NM_001281503.2			0	0.021706
chr13:83877699:T:G	SLITRK1	NM_001281503.1	NM_001281503.2			0	0.0187354
chr13:83877855:A:T	SLITRK1	NM_001281503.1	NM_001281503.2			0	0.0294187
chr13:83877375:A:T	SLITRK1	NM_001281503.1	NM_001281503.2			0	0.282669
chr13:83878257:C:T	SLITRK1	NM_001281503.1	NM_001281503.2			0	0.0571239
chr13:83878283:A:G	SLITRK1	NM_001281503.1	NM_001281503.2			0	0.0263584
chr13:83878043:T:G	SLITRK1	NM_001281503.1	NM_001281503.2			0	0.0328105
chr13:83878049:T:G	SLITRK1	NM_001281503.1	NM_001281503.2			0	0.0261005
chr13:83878616:T:G	SLITRK1	NM_001281503.1	NM_001281503.2			0	0.0641848
chr13:110149776:G:T	COL4A1	NM_001845.5	NM_001845.6			0	0.141572
chr22:23834377:A:C	SMARCB1	NM_003073.4	NM_003073.5			0	0.0843872
chr22:23834372:A:C	SMARCB1	NM_003073.4	NM_003073.5			0	0.0420701
chr22:23834385:T:C	SMARCB1	NM_003073.4	NM_003073.5			0	0.0152291
chr22:23834381:T:C	SMARCB1	NM_003073.4	NM_003073.5			0	0.0476693
chr22:23834391:T:C	SMARCB1	NM_003073.4	NM_003073.5			0	0.0275658
chrX:153929940:G:A	NAA10	NM_003491.3	NM_003491.4			0	0.14183
chr1:25816489:G:A	SELENON	NM_020451.2	NM_020451.3			0	0.0180973
chr1:25816364:A:G	SELENON	NM_020451.2	NM_020451.3			0	0.0257872
chr1:25816498:C:T	SELENON	NM_020451.2	NM_020451.3			0	0.0204583
chr1:25815862:C:G	SELENON	NM_020451.2	NM_020451.3			0	0.0232829
chr1:25818183:G:A	SELENON	NM_020451.2	NM_020451.3			0	0.162804
chr1:25818030:T:C	SELENON	NM_020451.2	NM_020451.3			0	0.0129656
chr1:25818054:A:T	SELENON	NM_020451.2	NM_020451.3			0	0.0455167
chr1:25817050:A:C	SELENON	NM_020451.2	NM_020451.3			0	0.0140312
chr1:25817070:A:C	SELENON	NM_020451.2	NM_020451.3			0	0.0144873
chr1:25817062:A:C	SELENON	NM_020451.2	NM_020451.3			0	0.037461
chr1:25817218:G:A	SELENON	NM_020451.2	NM_020451.3			0	0.0134056
chr1:25817330:T:C	SELENON	NM_020451.2	NM_020451.3			0	0.712061
chr1:25817075:A:C	SELENON	NM_020451.2	NM_020451.3			0	0.140946
chr1:25817440:T:C	SELENON	NM_020451.2	NM_020451.3			0	0.806926
chr1:25817068:T:C	SELENON	NM_020451.2	NM_020451.3			0	0.0308756
chr1:25817761:G:T	SELENON	NM_020451.2	NM_020451.3			0	0.0228326
